"elev","cid","lat","long","burn","n","cht","dist","confidence","density1","density2","rough1","rough2"
1682.07646864893,1,42.5210499505138,-112.103347939963,1,6,0.0068743525390625,60.8276253039296,-0.0592807809582037,-0.0204013258966783,-0.0557643614782053,-0.0496908610158197,-0.0496910403935146
1682.49229599561,2,42.5210505365213,-112.103287078526,1,34,0.00872025,60.2079728939325,-0.0596555542671141,0.0369465516932206,0.0344759855766091,-0.0496908582205345,-0.0496911813073764
1682.93531085352,3,42.5210511224965,-112.103226217087,1,69,0.115559006347656,60.0000000009313,-0.0629043773481887,0.31368050036215,0.597002751460007,-0.0496908509258735,-0.0496908672700929
1683.2971256543,4,42.5210517084393,-112.103165355646,1,66,0.0207151000976563,59.9999999981374,-0.0591391831965411,0.0790535110656755,0.0635678356587618,-0.049690852651878,-0.0496908564121745
1683.68650408887,5,42.5210522943499,-112.103104494204,1,64,0.0188302944335937,59.9999999990687,-0.0601266057493359,0.118598512939048,0.168398993589148,-0.0496908556992227,-0.0496910390127872
1684.05642814941,6,42.5210528802281,-112.10304363276,1,42,0.009434646484375,60.0000000009313,-0.0588482144428954,0.101412048049368,0.108038621918275,-0.0496908656014289,-0.049691435301645
1684.3906867583,7,42.521053466074,-112.102982771314,1,43,0.0137400375976562,60,-0.0583255494857318,0.0619737944051242,0.0625197222766492,-0.0496908609676726,-0.049691090166786
1684.70432141797,8,42.5210540518876,-112.102921909866,1,28,0.00344318359375,60,-0.0576499727246975,0.00606822183585552,-0.0522422808026078,-0.049690864601693,-0.0496912090634796
1684.99961654492,9,42.5210546376688,-112.102861048416,1,24,0.00701523095703125,60.0000000009313,-0.057977300222432,-0.0206035856992375,-0.107894886247707,-0.0496908593110808,-0.0496911746573854
1685.27453915283,10,42.5210552234178,-112.102800186964,1,4,0.00281481298828125,60,-0.0546261741137311,-0.0965762201081257,-0.229416579415383,-0.0496908528794417,-0.0496908518752784
1685.52225809424,11,42.5210558091344,-112.102739325511,1,1,0.0041257548828125,60.2079728948461,-0.0539593946413573,-0.09895357540646,-0.217089879983708,-0.0496908513630414,-0.0496906844634182
1685.75133296143,12,42.5210563948187,-112.102678464056,1,86,0.0133165893554688,60.8276253020253,-0.0552141812027876,0.0147445252710322,-0.116673855955502,-0.0496908616910661,-0.0496912822503118
1685.92128196045,13,42.5210569804708,-112.102617602599,1,42,0.0113327763671875,61.8465843843637,-0.0565749210858491,0.0134394679735671,-0.0740078300024519,-0.0496908596518962,-0.0496910836459312
1686.0014005874,14,42.5210575660904,-112.10255674114,1,46,0.01035837890625,63.2455532043616,-0.0567615894308037,0.0171604062460444,-0.0292828849917701,-0.0496908640371301,-0.0496913648169348
1686.1259987207,15,42.5210581516778,-112.102495879679,1,20,0.0066217802734375,64.9999999981015,-0.0561758093682285,0.0295897526842632,-0.0344599122145409,-0.0496908586401856,-0.0496909923117581
1686.22935205371,16,42.5210587372329,-112.102435018217,1,61,0.020389875,67.0820393242388,-0.0571944657003948,0.109871644553231,0.102688463619593,-0.0496908648247874,-0.0496912703278916
1686.25585081348,17,42.5210593227556,-112.102374156753,1,14,0.0061174736328125,69.4622199473077,5.0182976701604,-4.460169420818,-3.19712403673849,5.01877602061479,5.01877602061393
1681.84878635938,18,42.5210049296463,-112.103347147748,1,13,0.00535249853515625,55.9016994394939,-0.0577558392617235,0.00700567996835194,-0.0182199841209511,-0.0496908643966835,-0.0496910870634568
1682.24015353809,19,42.5210055156528,-112.103286286355,1,25,0.0100909282226563,55.2268050879072,-0.0553290800144817,-0.0573643048143648,-0.146836553803473,-0.0496908606513759,-0.0496909789573131
1682.66287212207,20,42.5210061016271,-112.10322542496,1,41,0.00933555322265625,55.0000000018626,-0.0553995971791334,-0.0257941180133251,-0.115453194430394,-0.0496908525846606,-0.0496908093943922
1682.99592737598,21,42.521006687569,-112.103164563563,1,133,0.0748252431640625,55.0000000009313,-0.0592870461391172,0.213723224366454,0.270939225161524,-0.0496908506395489,-0.0496911465612748
1683.37947413965,22,42.5210072734786,-112.103103702164,1,70,0.0182630581054688,54.9999999990687,-0.0567570739610435,0.0633213904705878,0.0507998560100344,-0.0496908650677905,-0.0496914955205483
1683.76430723926,23,42.5210078593559,-112.103042840763,1,25,0.00487947216796875,55,-0.0544966487582102,0.0237049555717086,-0.0315137692594814,-0.0496908667715059,-0.0496911802504231
1684.07132388037,24,42.5210084452009,-112.102981979361,1,31,0.008896748046875,55.0000000009313,-0.0552041248697795,-0.00705619201909441,-0.0813382114151692,-0.0496908657405259,-0.0496913380010672
1684.37264646729,25,42.5210090310135,-112.102921117957,1,51,0.0114901640625,54.9999999981374,-0.0569847139856344,0.0241126856498834,0.0403484517676003,-0.0496908622124915,-0.0496913564902012
1684.65277414355,26,42.5210096167939,-112.10286025655,1,73,0.0112696611328125,55.0000000018626,-0.0601148884925012,0.153063743818781,0.291022429967165,-0.0496908592818494,-0.0496916225875672
1684.86718690234,27,42.5210102025419,-112.102799395143,1,30,0.00574223974609375,55.0000000009313,-0.0554214321857737,0.0550977637363769,0.0259395159616721,-0.0496908608733822,-0.0496912964160994
1685.11780568457,28,42.5210107882577,-112.102738533733,1,112,0.0168233349609375,55.2268050840286,-0.0592583364566061,0.324643463231815,0.590501883586081,-0.0496908554724403,-0.0496913991636149
1685.29191959424,29,42.5210113739411,-112.102677672321,1,160,0.0293831811523437,55.9016994374739,-0.0603203630613785,0.710106502905046,1.11299631442877,-0.0496908644999429,-0.0496918325776122
1685.36905160547,30,42.5210119595922,-112.102616810908,1,62,0.0138405712890625,57.0087712551407,-0.0571186693614581,0.132830539998488,0.142208983560475,-0.0496908612070688,-0.0496914082576177
1685.41766421436,31,42.5210125452109,-112.102555949493,1,12,0.00399544970703125,58.5234995535186,-0.0525751161031003,-0.0829774588590787,-0.214452691473876,-0.0496908577186919,-0.0496910246386039
1685.49171219434,32,42.5210131307974,-112.102495088076,1,58,0.0152658071289062,60.4152298680692,-0.0550482717353702,-0.0209976712669222,-0.10113752789095,-0.0496908627530341,-0.0496911987441026
1685.58183400293,33,42.5210137163515,-112.102434226657,1,51,0.0137505903320312,62.6498204307083,-0.0549876253181865,-0.00371489218554765,-0.077400499570803,-0.0496908626676112,-0.0496913190768793
1685.60241428076,34,42.5210143018734,-112.102373365237,1,10,0.00314240771484375,65.1920240526515,5.0182976701604,-4.460169420818,-3.19712403673849,5.01877602061479,5.01877602061393
1681.55805142188,35,42.5209599087783,-112.103346355535,1,42,0.068587359375,50.9901951379256,-0.0563458831615424,0.0653271335126328,0.0496928664034538,-0.0496908579744129,-0.049691142978656
1681.92283202979,36,42.5209604947839,-112.103285494185,1,45,0.110889711425781,50.2493781057087,-0.0553251306473763,0.0260140883175923,-0.0750827582986786,-0.0496908460755142,-0.0496907246951943
1682.34407313428,37,42.5209610807573,-112.103224632834,1,31,0.0109029619140625,50,-0.0548062361475168,-0.0105411605219193,-0.039500533135079,-0.0496908641657388,-0.0496912502185071
1682.71515718359,38,42.5209616666983,-112.103163771481,1,13,0.0285344243164063,49.9999999990687,-0.0521679961691517,0.00815663455910525,-0.0655996056289303,-0.0496908537646221,-0.0496909134942268
1683.07816431982,39,42.520962252607,-112.103102910125,1,40,0.0137561357421875,50.0000000009313,-0.0548725182234402,0.063588662352541,0.0370991836964682,-0.0496908581355288,-0.0496909933786137
1683.40661244189,40,42.5209628384834,-112.103042048769,1,41,0.0165644985351562,50.0000000009313,-0.0532333973599143,0.0221928227620996,-0.0251994399185228,-0.0496908608352744,-0.0496910145844798
1683.70147937744,41,42.5209634243274,-112.10298118741,1,41,0.0110979462890625,49.9999999990687,-0.0561802687617823,0.0652813842715778,0.0509281012514497,-0.0496908648418274,-0.0496913801723834
1683.94668272021,42,42.5209640101392,-112.102920326049,1,26,0.008558216796875,50,-0.0553902110903061,0.025966733840009,-0.0137465569272181,-0.0496908642450488,-0.0496913677493268
1684.16733868213,43,42.5209645959186,-112.102859464687,1,25,0.00818618359375,50,-0.0549588408674003,-0.00617491716508664,-0.0592462197826316,-0.0496908646196334,-0.0496911853229386
1684.37762993408,44,42.5209651816657,-112.102798603323,1,5,0.00374783740234375,50.0000000009313,-0.0516484007167127,-0.0344351062448804,-0.0690820468662721,-0.0496908557088777,-0.0496909374113055
1684.58586712207,45,42.5209657673805,-112.102737741957,1,30,0.00401913623046875,50.2493781046893,-0.0537295743204571,0.0309670456254994,-0.0163627598520909,-0.0496908655734948,-0.0496913349136467
1684.6697357251,46,42.520966353063,-112.102676880589,1,14,0.00390641552734375,50.9901951349575,-0.050282552558281,-0.0482032199476574,-0.179217311395013,-0.0496908640899392,-0.0496912263708259
1684.69024801953,47,42.5209669387132,-112.102616019219,1,7,0.0010967529296875,52.2015325453444,-0.0520657932776082,0.00784682390915353,-0.0772792495243739,-0.0496908600774407,-0.049690967180425
1684.70604376367,48,42.520967524331,-112.102555157848,1,20,0.00398151806640625,53.8516480704371,-0.0525275888479104,-0.0293296514667898,-0.106902151492569,-0.049690861051812,-0.0496910869927606
1684.78066739697,49,42.5209681099166,-112.102494296475,1,24,0.005181185546875,55.901699437729,-0.0482565058708367,-0.116758056359515,-0.22668845337073,-0.0496908574115709,-0.0496910617562354
1684.85410284131,50,42.5209686954698,-112.102433435099,1,48,0.00941274658203125,58.309518948433,-0.0516173598661941,-0.0988805371444247,-0.239506565250192,-0.0496908599373406,-0.0496911361448223
1684.82652180859,51,42.5209692809907,-112.102372573723,1,8,0.001530107421875,61.0327780777386,5.0182976701604,-4.460169420818,-3.19712403673849,5.01877602061479,5.01877602061393
1681.25087130127,52,42.52091488791,-112.103345563324,1,8,0.007743802734375,46.0977222867043,-0.0500358412829349,-0.127678480461181,-0.218495331243036,-0.0496908532882989,-0.0496908626076318
1681.66533938184,53,42.5209154739147,-112.103284702018,1,25,0.00757008837890625,45.2769256906935,-0.0519207989000172,-0.0565456341849587,-0.110371185272854,-0.0496908595824859,-0.0496911787263552
1682.02548799707,54,42.5209160598871,-112.10322384071,1,31,0.0142071728515625,45,-0.0515157751480684,-0.0497025108650404,-0.143909647634626,-0.0496908602502803,-0.0496911625210097
1682.37414219336,55,42.5209166458272,-112.1031629794,1,35,0.00966501220703125,44.9999999981374,-0.0536475682092394,0.0344584350744373,-0.0014571652021361,-0.0496908617229951,-0.0496912152582875
1682.70935196436,56,42.520917231735,-112.103102118089,1,10,0.002113314453125,44.9999999990687,-0.0551882873469247,0.0705521784120778,0.075692840301666,-0.0496908618880324,-0.0496912038123973
1682.97095488477,57,42.5209178176105,-112.103041256776,1,29,0.0099700341796875,45,-0.0541383177940947,0.0372370995048333,0.0116110248980863,-0.0496908672012027,-0.0496913350939992
1683.21078518066,58,42.5209184034536,-112.102980395461,1,39,0.0233365844726563,44.9999999990687,-0.0530994286326128,-0.00218510177412797,-0.0605362503246867,-0.0496908693001671,-0.0496913918119374
1683.41822670117,59,42.5209189892644,-112.102919534144,1,38,0.0129979428710937,44.9999999981374,-0.0561480516460778,0.0780470277624644,0.0948386889791441,-0.0496908669074044,-0.0496914428805082
1683.55149505176,60,42.520919575043,-112.102858672825,1,24,0.0107207036132813,45.0000000009313,-0.0561154553484065,0.0664170891153128,0.0495716163570248,-0.049690864368331,-0.04969112316553
1683.70913732129,61,42.5209201607892,-112.102797811505,1,16,0.00409434765625,44.9999999990687,-0.0537018219388975,0.0352787109403716,0.0131441384659151,-0.0496908571204448,-0.0496909377885279
1683.83892599121,62,42.520920746503,-112.102736950182,1,6,0.00442556982421875,45.2769256896972,-0.0453206894925092,-0.127586981979071,-0.241498447022539,-0.0496908523373899,-0.0496908981320819
1683.89132387549,63,42.5209213321846,-112.102676088858,1,8,0.0033413974609375,46.0977222856058,-0.0473639889594451,-0.0382828582030891,-0.168828863907456,-0.0496908570674607,-0.0496909352013786
1683.87185428418,64,42.5209219178339,-112.102615227532,1,3,0.00096743994140625,47.4341649026361,-0.0476627362840023,-0.0346309451013265,-0.142088565206528,-0.0496908574720871,-0.0496909449983665
1683.89048978564,65,42.5209225034508,-112.102554366204,1,21,0.005734150390625,49.2442890071602,-0.0531668322326635,0.127021991621025,0.0940890372497799,-0.0496908571844042,-0.0496911254534581
1683.92294686768,66,42.5209230890354,-112.102493504875,1,10,0.003215990234375,51.4781507043753,-0.0469856534762828,-0.0840417306773067,-0.199699825247788,-0.0496908541957837,-0.049690924445284
1683.97234755078,67,42.5209236745877,-112.102432643543,1,7,0.00462186767578125,54.0832691315078,-0.0472454491997806,-0.0672991136876873,-0.184221790474789,-0.0496908541771293,-0.049690981572262
1683.96171179492,68,42.5209242601077,-112.10237178221,1,14,0.0030237197265625,57.0087712542575,5.0182976701604,-4.460169420818,-3.19712403673849,5.01877602061479,5.01877602061393
1680.90851676611,69,42.5208698670413,-112.103344771114,1,21,0.0636321455078125,41.2310562574472,-0.0506905096298817,-0.0417525769588957,-0.134699890502258,-0.0496908497141237,-0.0496908345467475
1681.29306051074,70,42.5208704530451,-112.103283909852,1,58,0.0259062690429687,40.3112887424602,-0.0527031447579704,-0.0222112300822772,-0.0731724871345057,-0.0496908551580358,-0.0496910445335459
1681.63570699365,71,42.5208710390166,-112.103223048588,1,23,0.0124573173828125,40.0000000009313,-0.0512733710594303,-0.0654851964107679,-0.164404986011542,-0.0496908557722854,-0.0496909259781584
1681.93980154932,72,42.5208716249558,-112.103162187322,1,35,0.031239109375,40,-0.0508916095870887,-0.0236695874681898,-0.141604730886643,-0.0496908557006799,-0.049690860997446
1682.22616508105,73,42.5208722108626,-112.103101326054,1,7,0.0148346538085938,40,-0.0498358655201508,0.0555079016693441,0.0501679567296061,-0.0496908500721109,-0.0496906875228158
1682.4563902793,74,42.5208727967372,-112.103040464785,1,9,0.0030610126953125,40,-0.0496690281250328,-0.0300937440542355,-0.0977786684316993,-0.0496908556873165,-0.049690927538102
1682.63265031543,75,42.5208733825794,-112.102979603513,1,28,0.0173435244140625,40,-0.0512431126055054,-0.00544292930820587,-0.0998049432460616,-0.0496908607868381,-0.0496909874212996
1682.72960071729,76,42.5208739683893,-112.10291874224,1,19,0.006413859375,40,-0.0518379730080683,-0.0213090871534022,-0.10474005330889,-0.0496908601608852,-0.0496910127964576
1682.80327978076,77,42.5208745541669,-112.102857880965,1,15,0.004822140625,40.0000000009313,-0.0471824008517576,-0.0857802018373985,-0.196923898704062,-0.0496908496054884,-0.0496906599443664
1682.84717563818,78,42.5208751399122,-112.102797019688,1,6,0.00307066943359375,39.9999999990687,-0.0472264633984828,-0.0726349199075813,-0.180514337132055,-0.0496908505072852,-0.0496907772965178
1682.90469917725,79,42.5208757256252,-112.10273615841,1,1,0.0013608154296875,40.3112887414278,-0.0441096089933493,-0.120331312871393,-0.226317708036456,-0.0496908538033476,-0.0496907820960695
1682.93036893311,80,42.5208763113058,-112.102675297129,1,5,0.00163535302734375,41.2310562562754,-0.0454044593339318,-0.0721204416002781,-0.208917160508058,-0.0496908559447293,-0.0496910075280463
1682.86408637646,81,42.5208768969542,-112.102614435847,1,2,0.00042379833984375,42.720018726465,-0.0438170594247432,-0.0638590918076534,-0.217226869218856,-0.0496908487836586,-0.0496908108420011
1682.87773420508,82,42.5208774825702,-112.102553574563,1,5,0.00158017724609375,44.7213595500999,-0.046424699151354,-0.0520838792546953,-0.171853119873196,-0.0496908506377632,-0.0496908712465327
1682.95027180566,83,42.5208780681539,-112.102492713277,1,1,0.00134439599609375,47.169905659555,-0.045572057763279,-0.118706813504807,-0.241702473542972,-0.0496908483040417,-0.0496907558653329
1682.99871021436,84,42.5208786537053,-112.102431851989,1,11,0.0168621352539063,50.0000000003609,-0.0475189942750201,-0.0961066884236134,-0.253741204114379,-0.0496908561185149,-0.0496909474304061
1683.00265444385,85,42.5208792392244,-112.1023709907,1,7,0.0013778671875,53.1507290643358,-0.0566779557744536,-0.370570832641601,-1.38074843554755,-0.0496908387118975,-0.0496890762031639
1680.50936280566,86,42.5208248461723,-112.103343978907,1,26,0.0421775927734375,36.4005494476179,-0.0540183013609959,-0.0151987543086288,-0.109154604278155,-0.0496908532577751,-0.0496909601688767
1680.85310489404,87,42.5208254321752,-112.103283117688,1,65,0.276633651367187,35.3553390585289,-0.0622557164986357,0.510407855226705,0.824292375753317,-0.0496908519125225,-0.0496908299562814
1681.12032963477,88,42.5208260181457,-112.103222256468,1,23,0.0892366577148438,35.0000000009313,-0.0506608413112713,-0.0252563637763623,-0.113000795654784,-0.0496908509059902,-0.0496908598308365
1681.34905640283,89,42.520826604084,-112.103161395246,1,22,0.157903680175781,35,-0.0535766905546896,0.0289580921103979,-0.115478260545762,-0.0496908501813816,-0.0496908328620913
1681.54555000293,90,42.5208271899899,-112.103100534021,1,30,0.111972959472656,35,-0.053501161245307,0.0660318323485334,-0.0415524569977243,-0.0496908504517024,-0.049691044020288
1681.72259776611,91,42.5208277758636,-112.103039672796,1,12,0.0062282197265625,35,-0.0479173863479923,-0.115831834882716,-0.252332838190472,-0.0496908564484628,-0.0496908836868778
1681.85611686963,92,42.5208283617049,-112.102978811568,1,31,0.0091383623046875,34.9999999990687,-0.0497031464911626,-0.0164211419248892,-0.108495890083612,-0.0496908626012852,-0.0496910679580642
1681.90963714209,93,42.5208289475139,-112.102917950338,1,43,0.02708955859375,35,-0.0518678936696074,0.103390502070433,0.0707682230313172,-0.0496908581209924,-0.0496909191881548
1681.83437660645,94,42.5208295332905,-112.102857089107,1,2,0.0006727529296875,35.0000000009313,-0.045310889507873,-0.0524538862744563,-0.147959865531688,-0.0496908504886117,-0.0496907627403993
1681.78757786621,95,42.5208301190349,-112.102796227874,1,14,0.00342767626953125,35,-0.047057919684514,-0.0479046459534034,-0.155360198894268,-0.0496908580798814,-0.0496909697382324
1681.80008145459,96,42.520830704747,-112.102735366639,1,10,0.0017482470703125,35.3553390576646,-0.0428233623450004,-0.0803689495006768,-0.196491362480743,-0.0496908543207272,-0.0496908805522994
1681.80647236963,97,42.5208312904267,-112.102674505402,1,1,0.0009263076171875,36.4005494467544,-0.0420062652608742,-0.0925920230450159,-0.222345603150074,-0.049690850962202,-0.0496906870353284
1681.78243213916,98,42.5208318760741,-112.102613644163,1,0,0.00015223486328125,38.078865529182,-0.0398397316547124,-0.107847388391214,-0.234489261646275,-0.0496908487900466,-0.049690681157436
1681.83085532666,99,42.5208324616892,-112.102552782923,1,8,0.00256431103515625,40.3112887408574,-0.0461111583894987,-0.00530969467636134,-0.0941580720933783,-0.0496908601647838,-0.0496909898189246
1681.91422377686,100,42.520833047272,-112.102491921681,1,2,0.00080774462890625,43.0116263354838,-0.0421883473732368,-0.12707491152656,-0.239297875266435,-0.049690849371198,-0.0496907829354147
1682.01106439795,101,42.5208336328225,-112.102431060437,1,16,0.00355244091796875,46.0977222869948,-0.0465042312337528,-0.0297775124581708,-0.131633080433685,-0.0496908588787601,-0.0496912287639461
1681.97526782764,102,42.5208342183407,-112.102370199191,1,9,0.00234262939453125,49.4974746827291,-0.0456732806563589,-0.0863460477136057,-0.236294604885654,-0.04969086868453,-0.0496908692476799
1680.05159713232,103,42.5207798253029,-112.103343186701,1,23,0.0696385346679688,31.6227766028986,-0.0540739436443355,0.0199326497303274,-0.0240737964586455,-0.0496908529536192,-0.0496909116183011
1680.30349146338,104,42.5207804113048,-112.103282325526,1,9,0.0043714013671875,30.4138126526777,-0.0505896605781776,-0.0536032356286814,-0.138347301754693,-0.0496908593066154,-0.04969097422375
1680.51153700049,105,42.5207809972745,-112.103221464349,1,6,0.0215306069335938,29.9999999990687,-0.047826542893681,-0.111797875487231,-0.22324215397415,-0.0496908531965158,-0.0496908867982424
1680.64507587549,106,42.5207815832118,-112.103160603171,1,8,0.0101998974609375,30,-0.0450107803325898,-0.103328647564198,-0.226856338050401,-0.0496908534762595,-0.0496908490971844
1680.72866628027,107,42.5207821691169,-112.10309974199,1,6,0.024027505859375,30.0000000009313,-0.0436275031551608,-0.09778576583216,-0.24153866939371,-0.0496908480442155,-0.0496907852558095
1680.83377297314,108,42.5207827549896,-112.103038880808,1,57,0.0265228251953125,30.0000000009313,-0.0495540238366649,0.0300536660409267,-0.0105934727871475,-0.0496908579197445,-0.0496910306926281
1680.88897463965,109,42.52078334083,-112.102978019624,1,40,0.0395701630859375,30,-0.0468661497399279,0.0199952539549291,-0.0528631043576412,-0.0496908547775603,-0.049690966482878
1680.88362762646,110,42.520783926638,-112.102917158438,1,21,0.0927792797851563,30.0000000009313,-0.046495849176049,0.056149996280643,-0.0224841383980109,-0.0496908517168193,-0.0496909320544629
1680.78766234375,111,42.5207845124138,-112.102856297251,1,9,0.0129788334960937,30.0000000009313,-0.0408149075645815,-0.02637120054523,-0.124316106478025,-0.0496908507726522,-0.0496906812165254
1680.67965784814,112,42.5207850981572,-112.102795436061,1,18,0.00354087744140625,30.0000000009313,-0.0471317853997743,0.0704165359254409,0.0206394898937257,-0.0496908562086607,-0.049690911487298
1680.62588439111,113,42.5207856838684,-112.10273457487,1,3,0.00135207666015625,30.4138126514241,-0.0435519658348916,-0.0751832328961739,-0.15804810256775,-0.0496908538144091,-0.0496906977986469
1680.695400021,114,42.5207862695472,-112.102673713677,1,28,0.0284943740234375,31.622776600745,-0.0443726437853386,5.66110375693802e-05,-0.0959605006681792,-0.0496908496941491,-0.0496907300916462
1680.71722526074,115,42.5207868551937,-112.102612852482,1,2,0.001621302734375,33.5410196613515,-0.0401687547901155,-0.125452017396502,-0.255631072626508,-0.0496908526666149,-0.049690813385442
1680.81027718164,116,42.5207874408079,-112.102551991285,1,7,0.0122512329101562,36.0555127541879,-0.0438392789539414,-0.0430632525842096,-0.174390626854473,-0.049690848872812,-0.0496907259069731
1680.92565674365,117,42.5207880263898,-112.102491130087,1,28,0.0202763979492188,39.0512483797569,-0.0463026960183726,-0.0201934477662703,-0.110375848736178,-0.0496908532379565,-0.049690914278054
1681.01242166357,118,42.5207886119393,-112.102430268886,1,7,0.002694501953125,42.4264068710282,-0.0453963202731223,-0.0735771937496625,-0.186878798703748,-0.0496908547007297,-0.0496909372423163
1681.04844198535,119,42.5207891974566,-112.102369407684,1,6,0.00134299755859375,46.0977222854922,-0.0471305517232343,-0.0300166927008797,-0.139105114544875,-0.049690854247577,-0.0496910652410482
1679.44992624609,120,42.5207348044331,-112.103342394497,1,30,0.0149281381835938,26.9258240378559,-0.04760119665296,-0.111934320592132,-0.210824517007653,-0.0496908513432798,-0.0496907668841237
1679.62459451953,121,42.5207353904341,-112.103281533366,1,21,0.007224708984375,25.4950975690027,-0.0459569888764281,-0.0703795625853939,-0.159338716042721,-0.049690853139396,-0.0496908778538706
1679.69394685205,122,42.5207359764029,-112.103220672233,1,12,0.0383650063476563,25.0000000018626,-0.0445539675337675,-0.0738974384370479,-0.201894567674737,-0.0496908522590361,-0.0496908361687837
1679.74505618066,123,42.5207365623393,-112.103159811098,1,27,0.0901029365234375,25,-0.0489172891945728,0.111817993843731,0.011194810796402,-0.0496908515608866,-0.0496908933493724
1679.73024818359,124,42.5207371482434,-112.103098949961,1,27,0.006287666015625,25,-0.0455741966700075,0.058343551996493,-0.0277719228747313,-0.0496908539332816,-0.0496907803143784
1679.70050621387,125,42.5207377341152,-112.103038088823,1,12,0.0367647612304687,25.0000000009313,-0.04276664259741,-0.0695127348601404,-0.212902089918581,-0.0496908510983338,-0.0496908246539017
1679.68870576904,126,42.5207383199547,-112.102977227682,1,38,0.0434765395507812,25,-0.0449790785839248,0.017813737513041,-0.0907706489212669,-0.0496908559422385,-0.0496910305372344
1679.66064467627,127,42.5207389057618,-112.10291636654,1,24,0.00570408154296875,24.9999999990687,-0.0445956855610075,-0.045701458818384,-0.142649346671262,-0.0496908565222687,-0.0496909022628603
1679.58484431152,128,42.5207394915367,-112.102855505396,1,25,0.00610074169921875,25.0000000009313,-0.0480354027297307,0.0397187951775037,-0.0392341327926844,-0.0496908643241281,-0.049691137850866
1679.51473081885,129,42.5207400772792,-112.10279464425,1,15,0.0598986088867188,24.9999999990687,-0.0486701720343045,0.100836570753991,0.0745263915377019,-0.0496908581071547,-0.0496909798266089
1679.53635422314,130,42.5207406629894,-112.102733783103,1,21,0.0052065166015625,25.4950975681123,-0.0472986147840057,0.0289412371268513,-0.0202649127886102,-0.0496908658268898,-0.0496913879790005
1679.60926801221,131,42.5207412486673,-112.102672921953,1,3,0.00234545068359375,26.9258240348294,-0.0379845758710176,-0.163893419156704,-0.299521257702159,-0.0496908522028408,-0.0496908206120416
1679.69428474951,132,42.5207418343129,-112.102612060802,1,4,0.00175937744140625,29.1547594735078,-0.0376064673629762,-0.170218051077999,-0.303477040466907,-0.049690851852241,-0.0496909095018783
1679.8399756582,133,42.5207424199262,-112.102551199649,1,0,0.00105169775390625,32.0156211862188,-0.0411249555798689,-0.113380638704083,-0.219509051583133,-0.0496908503339701,-0.0496906261875858
1680.01226991309,134,42.5207430055071,-112.102490338494,1,11,0.00318002392578125,35.3553390593274,-0.0452183958109173,-0.0987473025125802,-0.224937322892495,-0.0496908533479336,-0.0496907655926797
1680.12104079102,135,42.5207435910558,-112.102429477337,1,7,0.0244354189453125,39.0512483785793,-0.0452369249916776,-0.0581035162356227,-0.189394154234235,-0.0496908516640559,-0.0496907783173519
1680.15604104639,136,42.5207441765721,-112.102368616179,1,10,0.002486755859375,42.426406873045,-0.0481406177146446,-0.0842520166625071,-0.249207151897431,-0.0496908552315323,-0.0496910870188963
1678.67085698682,137,42.520689783563,-112.103341602295,1,16,0.004643146484375,22.3606797748677,-0.0466213290338251,-0.0512050122554799,-0.155420240984567,-0.049690854921644,-0.0496907201245328
1678.68820297559,138,42.5206903695631,-112.103280741207,1,10,0.0648309755859375,20.6155281283142,-0.0437165468302773,-0.0836861707862999,-0.22180172673989,-0.0496908522670132,-0.04969086988979
1678.70347486523,139,42.5206909555309,-112.103219880118,1,116,0.241368706054687,19.9999999990687,-0.0633163331873624,0.735208389115514,1.16913392005958,-0.0496908424788878,-0.0496907999746674
1678.66399033789,140,42.5206915414664,-112.103159019027,1,53,0.0121892084960937,19.9999999990687,-0.0450200435878222,0.0219086958965999,-0.077546232799684,-0.0496908576809431,-0.0496909890189046
1678.58935743408,141,42.5206921273696,-112.103098157934,1,25,0.0692717265625,19.9999999981374,-0.0474552463095652,0.0628085173998128,-0.0435233531851118,-0.0496908490341296,-0.049690818890982
1678.52653449609,142,42.5206927132405,-112.103037296839,1,20,0.0525954965820312,20,-0.0417925000919153,-0.073496129304986,-0.234314964704533,-0.0496908523448344,-0.0496909208015467
1678.55002460791,143,42.520693299079,-112.102976435742,1,5,0.00117355712890625,19.9999999981374,-0.0406294795719057,-0.143559085435132,-0.282289177786347,-0.0496908480079048,-0.0496907438405615
1678.52904820313,144,42.5206938848852,-112.102915574644,1,26,0.0934120825195312,19.9999999990687,-0.0468522241486806,0.0618935325787119,-0.0308812870461376,-0.0496908494736254,-0.0496908992020625
1678.46388383203,145,42.5206944706592,-112.102854713543,1,16,0.0330174213867188,19.9999999990687,-0.0443660267929875,-0.0241760395928519,-0.137872794361457,-0.0496908547294348,-0.0496908755724764
1678.43180133398,146,42.5206950564008,-112.102793852441,1,15,0.0229432993164062,19.9999999981374,-0.0438483045528706,-0.0574911185000963,-0.179646932953755,-0.0496908527454887,-0.0496908769352254
1678.53894555176,147,42.5206956421101,-112.102732991337,1,25,0.00858048828125,20.615528127326,-0.0460760333219499,-0.00215701013488365,-0.0567874087449503,-0.0496908582693436,-0.0496909427466388
1678.68989684277,148,42.5206962277871,-112.102672130232,1,16,0.004080462890625,22.3606797749719,-0.0450310478757475,-0.0856244938941585,-0.203522699307796,-0.0496908546733968,-0.0496909628922237
1678.82977010791,149,42.5206968134317,-112.102611269124,1,6,0.00282592822265625,24.9999999983003,-0.0446073948069556,-0.0957984830101899,-0.185737416055152,-0.0496908545460461,-0.0496907657908077
1678.95545833984,150,42.5206973990441,-112.102550408015,1,18,0.0056189609375,28.2842712472973,-0.0456406710072099,-0.0366455169442769,-0.116848735830159,-0.0496908604147799,-0.0496909162924502
1679.14271168066,151,42.5206979846241,-112.102489546903,1,19,0.0207947680664063,32.0156211853643,-0.0462271319951481,-0.0715369381222602,-0.189418054483772,-0.0496908510434778,-0.0496907464364362
1679.2811328374,152,42.5206985701719,-112.10242868579,1,5,0.00322000390625,35.3553390614676,-0.045444762104535,-0.140460978935615,-0.277999374461004,-0.0496908534486793,-0.0496908023903519
1679.36542633887,153,42.5206991556873,-112.102367824676,1,14,0.00379203076171875,39.0512483798016,-0.0485173323284134,-0.0419155084665128,-0.138302998853113,-0.0496908511614765,-0.0496908102774458
1677.70170306494,154,42.5206447626924,-112.103340810095,1,16,0.015390228515625,18.0277563785469,-0.0502322762338314,0.0346029063619795,-0.0359458082162122,-0.0496908575742785,-0.0496908669498089
1677.64281261426,155,42.5206453486916,-112.103279949051,1,24,0.329851115722656,15.8113883021672,-0.0603459031030822,0.360822284105452,0.602052116374278,-0.0496908409626679,-0.0496905503718035
1677.58070622949,156,42.5206459346585,-112.103219088005,1,162,0.150325755371094,15,-0.0598363466267303,0.736632233916069,1.14907344963765,-0.0496908531916952,-0.0496912821636257
1677.50629174854,157,42.5206465205931,-112.103158226958,1,63,0.0356356484375,14.9999999981374,-0.0496105726853407,0.138844558651567,0.0747496548443477,-0.0496908559990907,-0.0496908631270178
1677.43520157959,158,42.5206471064954,-112.103097365908,1,23,0.0328655063476562,15,-0.0449546827638605,0.0161282391583813,-0.0927258059199352,-0.0496908562220938,-0.0496909941556229
1677.43843718994,159,42.5206476923653,-112.103036504857,1,13,0.0391225209960938,15.0000000009313,-0.0452899917749677,-0.0437823985488644,-0.161601661620786,-0.0496908553891315,-0.0496909965101483
1677.49696555615,160,42.520648278203,-112.102975643804,1,4,0.00344965771484375,14.9999999990687,-0.0401092552648668,-0.155892117681656,-0.306235479023167,-0.0496908528482331,-0.0496909037006479
1677.50334266162,161,42.5206488640083,-112.102914782749,1,7,0.00363573291015625,14.9999999990687,-0.0421857091212421,-0.134212595749412,-0.310276369993581,-0.0496908538764813,-0.049690911288196
1677.46942650781,162,42.5206494497813,-112.102853921693,1,10,0.00743724267578125,15,-0.0413366753024432,-0.146787216093437,-0.316354028570837,-0.0496908495175302,-0.0496907919729254
1677.49266329932,163,42.520650035522,-112.102793060634,1,24,0.0363598637695313,14.999999997206,-0.0413674451179643,-0.116397680758923,-0.279908479759346,-0.0496908547041361,-0.0496909768182449
1677.59075555176,164,42.5206506212304,-112.102732199574,1,8,0.01637596484375,15.811388299627,-0.0402579212988269,-0.17449841428057,-0.298641028999718,-0.0496908514187142,-0.0496910530737074
1677.78165502637,165,42.5206512069065,-112.102671338512,1,22,0.005894845703125,18.0277563768679,-0.0461689943206253,-0.0729720195785133,-0.184938215027968,-0.0496908578948732,-0.0496911818607713
1677.88508370215,166,42.5206517925502,-112.102610477448,1,15,0.003648025390625,21.2132034358845,-0.0440949811143746,-0.0963908152891131,-0.194891794560545,-0.0496908563202472,-0.0496909053382681
1678.0681102876,167,42.5206523781616,-112.102549616382,1,0,0.00114292041015625,24.9999999999069,-0.0428217922112222,-0.173620349899619,-0.295839453407708,-0.049690848211452,-0.0496905977392115
1678.2833990498,168,42.5206529637408,-112.102488755315,1,6,0.0036677958984375,28.2842712476265,-0.0469931837097089,-0.00223165363344715,-0.0393513023087048,-0.0496908610079617,-0.0496911061994087
1678.47091285645,169,42.5206535492876,-112.102427894245,1,3,0.0021402490234375,32.015621188746,-0.0456060906799515,-0.10453578543344,-0.198713502754721,-0.0496908541904648,-0.049690719109421
1678.52150720459,170,42.5206541348021,-112.102367033174,1,4,0.00261451416015625,36.0555127560606,-0.0453183342918419,-0.128689779473977,-0.247415799048025,-0.0496908509563224,-0.0496907728034112
1676.61473954932,171,42.5205997418216,-112.103340017896,1,31,0.127815795898438,14.1421356236898,-0.0542109044377908,0.251390099501777,0.314064602252007,-0.049690851996312,-0.0496910935221378
1676.55722306885,172,42.5206003278198,-112.103279156896,1,28,0.079923244140625,11.1803398880196,-0.0485070757232397,0.0773294870343379,0.0324555400914021,-0.0496908524709776,-0.0496910430239257
1676.49299953174,173,42.5206009137858,-112.103218295894,1,31,0.108309669433594,10.0000000009313,-0.0499327919077049,0.118245360902833,0.0771828168337459,-0.0496908533027542,-0.049691089079314
1676.44661055029,174,42.5206014997195,-112.10315743489,1,31,0.0692771279296875,9.99999999906868,-0.0502788902479462,-0.00645583355752992,-0.138277932737746,-0.0496908520402181,-0.049690944708236
1676.4686909043,175,42.5206020856208,-112.103096573884,1,28,0.0307551166992188,9.99999999906868,-0.0483046165856023,-0.00046027512452625,-0.0718130875755031,-0.0496908610487125,-0.0496910346645631
1676.5624988667,176,42.5206026714899,-112.103035712877,1,50,0.0720902143554688,10,-0.0514594065443417,0.0169148050572225,-0.0761879991065126,-0.0496908559784693,-0.0496909999428927
1676.67031195996,177,42.5206032573266,-112.102974851868,1,10,0.0033235869140625,9.99999999906868,-0.0442630067910084,-0.10332704232767,-0.22950168762105,-0.0496908554940687,-0.0496909435217406
1676.70143201172,178,42.520603843131,-112.102913990856,1,15,0.0055560634765625,9.99999999906868,-0.044609109136693,-0.0963025272800595,-0.208162845315369,-0.0496908593334194,-0.0496909888262147
1676.70510155322,179,42.5206044289031,-112.102853129843,1,20,0.0122900395507812,9.99999999906868,-0.0426700313047298,-0.142313421889212,-0.267977591777312,-0.0496908572019007,-0.049691000591212
1676.74183641064,180,42.5206050146429,-112.102792268829,1,28,0.052772376953125,9.99999999906868,-0.0466447048009926,-0.0525831078149802,-0.176597027939732,-0.0496908522491236,-0.0496908641276819
1676.78078525488,181,42.5206056003503,-112.102731407812,1,11,0.0261623095703125,11.1803398845834,-0.0431570131025765,-0.143813515424859,-0.272142064525817,-0.0496908475098365,-0.0496907964762185
1676.86646863477,182,42.5206061860255,-112.102670546794,1,7,0.00318522119140625,14.1421356229078,-0.0409180343783822,-0.166143158151043,-0.281932422842046,-0.0496908570006668,-0.0496910586223469
1676.9775645415,183,42.5206067716683,-112.102609685773,1,18,0.00409885107421875,18.0277563771262,-0.0420303833702022,-0.114837390853467,-0.223319684051915,-0.0496908566401507,-0.0496911509898133
1677.14222106592,184,42.5206073572788,-112.102548824751,1,1,0.0014156181640625,21.2132034364608,-0.0414235213243293,-0.160735918905642,-0.272916782370548,-0.0496908416956661,-0.04969052500183
1677.39395106787,185,42.520607942857,-112.102487963728,1,15,0.005566470703125,25.0000000004657,-0.046125834333793,-0.0628927394176485,-0.151332715380911,-0.0496908603509752,-0.0496909248696643
1677.57730306445,186,42.5206085284029,-112.102427102702,1,3,0.001960951171875,29.1547594755043,-0.0459820309080134,-0.104856832739089,-0.208881018667295,-0.0496908501676137,-0.049690784335054
1677.68332423779,187,42.5206091139165,-112.102366241674,1,24,0.00539176025390625,33.5410196631216,-0.0492886752335891,-0.0359151343239244,-0.137583659635357,-0.049690862573653,-0.0496911791685517
1675.52064173584,188,42.5205547209503,-112.1033392257,1,47,0.07815650390625,10,-0.0509135500704029,0.104232448629499,0.0497838039382756,-0.0496908530476572,-0.0496909671844021
1675.52620080078,189,42.5205553069477,-112.103278364743,1,25,0.0213809135742188,7.07106781256518,-0.0455234450329517,-0.0557911730166824,-0.15172094870265,-0.049690857480862,-0.0496911391465307
1675.56968042627,190,42.5205558929127,-112.103217503785,1,35,0.0863407143554688,5,-0.0484968498264647,-0.0415968690156557,-0.170173107210655,-0.049690855848345,-0.0496909876654086
1675.63002790332,191,42.5205564788455,-112.103156642824,1,44,0.074183482421875,5,-0.0516434246209717,-0.00488671485116818,-0.118492606651938,-0.0496908506509554,-0.0496908249299904
1675.74085808398,192,42.5205570647459,-112.103095781862,1,49,0.255401506347656,5,-0.0604871250206475,0.247708489524242,0.32876850211319,-0.0496908425250758,-0.0496906241204719
1675.8846985542,193,42.520557650614,-112.103034920899,1,23,0.170970880371094,5.00000000093132,-0.0531513632105934,0.0704229568715539,-0.0343497378935068,-0.0496908522014559,-0.0496909138682025
1676.020948,194,42.5205582364498,-112.102974059933,1,58,0.2813448671875,5,-0.0551965812848756,0.175788274730914,0.204273851076341,-0.0496908500520475,-0.0496908084681174
1676.0753740791,195,42.5205588222533,-112.102913198965,1,16,0.100366543945312,4.99999999813735,-0.0476251865881021,-0.0398640161834127,-0.158135542505079,-0.0496908523628306,-0.0496908876811336
1676.04455414062,196,42.5205594080245,-112.102852337996,1,1,0.126244508300781,5.00000000093132,-0.0459839642019852,-0.112366931836494,-0.282767182777077,-0.0496908476239785,-0.0496906185023942
1676.01015745605,197,42.5205599937634,-112.102791477025,1,1,0.000626587890625,4.99999999906868,-0.0445471342474776,-0.160406042799087,-0.272713338783031,-0.049690854172395,-0.0496907740169757
1675.96821986328,198,42.5205605794699,-112.102730616052,1,21,0.0584851474609375,7.07106781186548,-0.0459843807680896,-0.0509594110666581,-0.181086777255099,-0.0496908504525559,-0.0496909868881153
1676.01526735205,199,42.5205611651441,-112.102669755077,1,30,0.0204930380859375,11.1803398881758,-0.046660451533799,-0.0178337500697468,-0.0983312888356163,-0.0496908569530676,-0.0496909483228344
1676.07259883594,200,42.5205617507861,-112.102608894101,1,12,0.0037985400390625,14.142135625048,-0.0427972121407655,-0.128800540794426,-0.261713394667088,-0.0496908551247346,-0.0496909134021431
1676.23791069727,201,42.5205623363956,-112.102548033123,1,10,0.00380715576171875,18.0277563778204,-0.0407585910316178,-0.197141078129763,-0.322338417881609,-0.0496908535549697,-0.0496909372131775
1676.49281014502,202,42.5205629219729,-112.102487172142,1,6,0.00342418896484375,22.3606797749979,-0.0416082416886866,-0.175320295383033,-0.301283463905789,-0.0496908546060207,-0.0496908886386171
1676.69767047607,203,42.5205635075179,-112.10242631116,1,3,0.00178613427734375,26.9258240352618,-0.0443178332990601,-0.151894276108056,-0.251738246616637,-0.0496908461823106,-0.0496906739159017
1676.83954204785,204,42.5205640930306,-112.102365450177,1,15,0.0049517021484375,31.6227766015918,-0.0468922358570698,-0.110073851455893,-0.234292813253743,-0.0496908544000627,-0.0496909094724148
1674.54798326611,205,42.5205097000787,-112.103338433505,1,43,0.0298018500976562,5,-0.0452764026409586,-0.00779379820382404,-0.0906021813086804,-0.0496908567720302,-0.0496911975934829
1674.6988456792,206,42.5205102860751,-112.103277572592,1,18,0.0436961455078125,5.00000000029104,-0.0453811877082904,-0.100688033475231,-0.240322088399011,-0.049690854813942,-0.0496911587861222
1674.85000581494,207,42.5205108720393,-112.103216711677,0,16,0.241432451171875,0,-0.04877282887609,-0.0672702194301789,-0.266821635805827,-0.0496908422803454,-0.049690571300404
1675.03416509717,208,42.5205114579711,-112.103155850761,0,43,0.237389581054687,0,-0.0619185089073988,0.390523975587612,0.761441131734409,-0.049690836032653,-0.0496906523524353
1675.08654412988,209,42.5205120438706,-112.103094989842,0,32,0.601426766601562,0,-0.0657957973928484,0.515282155944728,0.793977532414394,-0.049690829807575,-0.0496898705111516
1675.06836819141,210,42.5205126297378,-112.103034128922,0,62,0.125742097167969,0,-0.0547010091462729,0.338333722962972,0.466668278475436,-0.0496908586768071,-0.0496910777986792
1675.10529665332,211,42.5205132155727,-112.102973268,0,59,0.458919938476562,0,-0.0637215425248513,0.695155329880951,1.00897193565347,-0.0496908370862143,-0.0496901162931115
1675.18370926563,212,42.5205138013753,-112.102912407076,0,48,0.404682703613281,0,-0.0631747901667583,0.524220915552273,0.750815430550233,-0.049690838972109,-0.0496903975414426
1675.38274697266,213,42.5205143871455,-112.102851546151,0,40,0.560358520019531,0,-0.0655312094902149,0.668830253435959,0.96982332691269,-0.0496908370937259,-0.0496898574963489
1675.35999400586,214,42.5205149728835,-112.102790685223,0,35,0.241170380371094,0,-0.0517000161943761,0.156538278284173,0.0845417619593239,-0.0496908438496401,-0.0496906081158517
1675.17808263135,215,42.5205155585891,-112.102729824294,1,8,0.0224286840820313,5.00000000058208,-0.0427193703554443,-0.155325469187185,-0.275544061020816,-0.0496908478802689,-0.0496906858095483
1675.15265381152,216,42.5205161442624,-112.102668963363,1,27,0.00546774267578125,7.07106781359415,-0.046055720383768,-0.100381433298336,-0.198259398013528,-0.0496908508586712,-0.0496907463688243
1675.20467627393,217,42.5205167299034,-112.10260810243,1,15,0.00316927001953125,11.1803398890088,-0.0431355652887896,-0.147082579614635,-0.263239513039931,-0.0496908493187288,-0.049690786835152
1675.4028681333,218,42.5205173155121,-112.102547241496,1,36,0.0103078491210938,15.8113883006578,-0.0468114193625157,-0.0252595742494188,-0.104372222639194,-0.049690853869865,-0.0496909622618017
1675.64871825537,219,42.5205179010885,-112.102486380559,1,3,0.00243439892578125,20.6155281293306,-0.0419322233061081,-0.152497042424413,-0.290240965687013,-0.049690851922208,-0.0496908816923675
1675.83394184229,220,42.5205184866325,-112.102425519621,1,8,0.0052793046875,24.9999999997206,-0.0454892732609111,-0.141329411897396,-0.268717916580027,-0.0496908569293428,-0.049691018281219
1675.98302401465,221,42.5205190721443,-112.102364658681,1,1,0.0013777177734375,29.1547594743762,-0.0453394349672083,-0.185975052839274,-0.29806509127918,-0.0496908489451931,-0.0496907453560257
1673.82626042285,222,42.5204646792067,-112.103337641312,0,157,0.187115504882813,0,-0.058209647978062,0.66100392274249,0.967309720180949,-0.0496908487199693,-0.0496911939536416
1673.89832878174,223,42.5204652652022,-112.103276780442,0,70,0.269467040527344,0,-0.0578715311511933,0.454496664329588,0.975700456567005,-0.0496908536644941,-0.0496909932765871
1673.86091809863,224,42.5204658511655,-112.103215919571,0,40,0.510962935546875,0,-0.0638836568347307,0.480293617956786,0.692031892415853,-0.0496908272353684,-0.0496902493826923
1673.79867907666,225,42.5204664370964,-112.103155058699,0,42,0.383621423339844,0,-0.062042032106117,0.527956300953505,0.723544662896178,-0.0496908446046814,-0.0496904942230774
1673.85360321777,226,42.520467022995,-112.103094197824,0,70,0.187880506835937,0,-0.0550772711449475,0.161872479267538,0.381792080109275,-0.0496908557219405,-0.049691113046716
1673.95002134863,227,42.5204676088613,-112.103033336947,0,54,0.258923962890625,0,-0.0595331318977327,0.376207673610439,0.575508848998797,-0.0496908493914681,-0.0496907828152474
1674.07133066309,228,42.5204681946952,-112.102972476069,0,42,0.383939028320313,0,-0.0626132917691131,0.473350167353852,0.738609398232071,-0.0496908406830092,-0.0496905283661305
1674.2089855835,229,42.5204687804969,-112.102911615189,0,38,0.482008053222656,0,-0.0645500297546084,0.568565574645105,0.934248096944076,-0.0496908393072486,-0.0496901568952717
1674.25844131445,230,42.5204693662662,-112.102850754307,0,86,0.226877509277344,0,-0.0594548808896198,0.797818232045007,1.16059919924339,-0.0496908356187333,-0.0496906823733137
1674.37238872119,231,42.5204699520032,-112.102789893423,0,58,0.397018591796875,0,-0.0643818258357473,0.686646773662976,1.00988014513585,-0.0496908402383655,-0.0496901544852486
1674.42072783838,232,42.520470537708,-112.102729032538,0,56,0.129340381347656,0,-0.0552994530854522,0.170037514868468,0.285582499999493,-0.0496908464377975,-0.049690661327752
1674.31715569482,233,42.5204711233803,-112.10266817165,1,28,0.006770185546875,4.99999999988358,-0.0461352711582356,-0.114716998113848,-0.190965158441573,-0.0496908520999226,-0.0496908777117882
1674.35803590234,234,42.5204717090204,-112.102607310761,1,14,0.00404697119140625,10.0000000000582,-0.0410527294260709,-0.182344810430643,-0.297497314619459,-0.049690849369094,-0.0496907929222516
1674.56399971387,235,42.5204722946282,-112.10254644987,1,3,0.00153903369140625,14.1421356231136,-0.0414898327735037,-0.188780203672386,-0.293621976597054,-0.0496908510973243,-0.0496908015362343
1674.84033089453,236,42.5204728802036,-112.102485588977,1,3,0.00316352734375,18.02775637598,-0.0408179036361787,-0.147198959262933,-0.266245115152374,-0.0496908505195743,-0.0496908537248249
1675.02314580762,237,42.5204734657468,-112.102424728083,1,10,0.00506600439453125,22.3606797752582,-0.0461912004983458,-0.120214130604831,-0.225656079177336,-0.0496908495828872,-0.0496908590817486
1675.19816512695,238,42.5204740512576,-112.102363867186,1,9,0.00444311083984375,26.9258240351645,-0.0471913329903429,-0.109410086151463,-0.203645698152972,-0.0496908512127383,-0.0496907652380622
1672.60432889551,239,42.5204196583344,-112.10333684912,0,81,0.348311153320312,0,-0.0621475274720628,0.560297803906367,0.844981247858188,-0.0496908423920378,-0.0496909426592222
1672.65248189648,240,42.520420244329,-112.103275988295,0,42,0.351600284179687,0,-0.0608230415239902,0.386697091704271,0.553454165072853,-0.0496908493687516,-0.0496910110897646
1672.74383367871,241,42.5204208302913,-112.103215127468,0,59,0.187702510253906,0,-0.0533388366496537,0.205632832264088,0.413216827719356,-0.049690849600678,-0.0496909449135473
1672.88543696582,242,42.5204214162213,-112.103154266638,0,30,0.28560944140625,0,-0.0547783008507127,0.105283075937236,0.116042290848423,-0.0496908421239295,-0.0496907686871617
1672.93154946826,243,42.520422002119,-112.103093405807,0,55,0.272793351074219,0,-0.0607399586160955,0.379459882816668,0.719331223782769,-0.0496908459617641,-0.0496906286072678
1672.99100086475,244,42.5204225879843,-112.103032544975,0,57,0.177398007324219,0,-0.0573574872431844,0.260119375742386,0.557272375669537,-0.0496908499473411,-0.0496909387872035
1673.11063584766,245,42.5204231738174,-112.10297168414,0,47,0.319927303222656,0,-0.0574012987821287,0.337014218536752,0.568736917319152,-0.0496908432521882,-0.0496905732317868
1673.22461217432,246,42.5204237596181,-112.102910823304,0,68,0.174305220703125,0,-0.055311402657999,0.32315942206145,0.603212735809087,-0.0496908526573441,-0.0496911653528361
1673.2949225293,247,42.5204243453865,-112.102849962465,0,50,0.413754227050781,0,-0.0623655437515232,0.527272470192471,1.02357382225443,-0.0496908438697114,-0.0496907171140178
1673.39326451074,248,42.5204249311226,-112.102789101625,0,76,0.203523092285156,0,-0.0574897937115115,0.222706930596791,0.52154266847831,-0.0496908469032825,-0.0496908394945503
1673.53575681592,249,42.5204255168264,-112.102728240783,0,53,0.435873029785156,0,-0.0646329904964821,0.701735997028501,1.20742911501203,-0.0496908410279655,-0.0496901026396686
1673.47619201172,250,42.5204261024979,-112.10266737994,1,12,0.0326087084960937,4.99999999994179,-0.0444245623415459,-0.102769222634104,-0.222748992727617,-0.0496908487550891,-0.0496907949454138
1673.53373489258,251,42.5204266881371,-112.102606519094,1,0,-0.000231376953125,7.07106781157736,-0.0380257411470805,-0.246109621042211,-0.331154695295998,-0.0496908478405517,-0.049690615633089
1673.75913675049,252,42.5204272737439,-112.102545658247,1,3,0.0012687509765625,11.1803398873428,-0.041502722290081,-0.216685635479438,-0.313157224462102,-0.0496908483552795,-0.0496907054094898
1674.04439836475,253,42.5204278593184,-112.102484797398,1,11,0.00476195654296875,15.8113883000136,-0.0437403338229582,-0.0774947734968501,-0.173695187886252,-0.049690847758241,-0.0496907820918082
1674.23997287451,254,42.5204284448607,-112.102423936547,1,4,0.00391130810546875,20.615528127806,-0.0469506512423289,-0.101553255963956,-0.187545673959108,-0.0496908511551734,-0.049690976054547
1674.41216718115,255,42.5204290303706,-112.102363075694,1,6,0.0035093203125,25.0000000000931,-0.0492706680956071,-0.060183100157967,-0.158076083347696,-0.0496908485646142,-0.0496907468679997
1671.6255274248,256,42.5203746374617,-112.103336056931,0,44,0.469152991699219,0,-0.0645626776094393,0.547851602484602,0.852618251984471,-0.0496908374031476,-0.0496900889418071
1671.71168761572,257,42.5203752234554,-112.103275196149,0,69,0.0919806342773438,0,-0.0527209382723091,0.143647426344083,0.329897643170561,-0.0496908526790562,-0.0496911226714681
1671.80212281641,258,42.5203758094167,-112.103214335366,0,83,0.16136919921875,0,-0.0555290357500493,0.330695204943307,0.652098073037865,-0.0496908540214845,-0.0496911212936627
1671.97478679443,259,42.5203763953458,-112.10315347458,0,125,0.060281833984375,0,-0.0516983218918552,0.359372755520445,0.692307619684896,-0.0496908625461071,-0.0496913220785877
1671.95935255615,260,42.5203769812426,-112.103092613793,0,50,0.202260561035156,0,-0.0531584648615852,0.257689850256884,0.43442101252155,-0.0496908526367633,-0.0496910993575395
1672.04226466309,261,42.520377567107,-112.103031753004,0,59,0.287752854003906,0,-0.0601075304931375,0.538234630443872,1.05928370972653,-0.0496908508590289,-0.0496908480502146
1672.1691470918,262,42.5203781529391,-112.102970892213,0,52,0.181999398925781,0,-0.0549774741896867,0.229939323774809,0.466090009023235,-0.0496908493461346,-0.0496909101242243
1672.23719132227,263,42.520378738739,-112.10291003142,0,47,0.223327354980469,0,-0.0580793909615628,0.223036806703345,0.407607847206182,-0.0496908459881692,-0.0496909005352668
1672.33693588867,264,42.5203793245065,-112.102849170625,0,62,0.117368625976563,0,-0.0514714749450401,0.0942936266648554,0.231185532054433,-0.0496908561679328,-0.0496911120635433
1672.4389555332,265,42.5203799102417,-112.102788309829,0,52,0.237140270996094,0,-0.0580881789041888,0.32208311096926,0.493365440140615,-0.0496908458767026,-0.0496908976831487
1672.49797500928,266,42.5203804959445,-112.102727449031,0,46,0.246208857910156,0,-0.0594182904973928,0.296487614526357,0.362103520887444,-0.0496908440062257,-0.0496906570021938
1672.6483435127,267,42.5203810816151,-112.102666588231,0,27,0.0807049946289062,0,-0.0488540112011332,0.0132468395901774,-0.100664186363544,-0.0496908472499615,-0.0496906749905494
1672.73658858008,268,42.5203816672533,-112.102605727429,1,20,0.00594886279296875,4.99999999930151,-0.0440716934669599,-0.103095888267602,-0.201638077191907,-0.04969085563782,-0.0496910216835664
1672.942977271,269,42.5203822528593,-112.102544866625,1,14,0.00374429443359375,9.99999999901047,-0.0431754568338794,-0.156404990752431,-0.261266868053797,-0.0496908512743135,-0.0496908030848957
1673.23341299316,270,42.5203828384329,-112.10248400582,1,9,0.00312470556640625,14.142135623237,-0.0430865012785158,-0.0999873477306512,-0.191612213977805,-0.0496908480152251,-0.0496907205479797
1673.46226087793,271,42.5203834239742,-112.102423145012,1,6,0.00251553076171875,18.0277563770294,-0.0461789411715162,-0.0842167014588856,-0.185652307849485,-0.0496908518247052,-0.049690877200113
1673.60690005225,272,42.5203840094832,-112.102362284203,1,6,0.00182976220703125,22.3606797771325,-0.0481634193682708,-0.0995788150342123,-0.213580623832252,-0.0496908470094296,-0.0496904482973328
1670.72936009619,273,42.5203296165886,-112.103335264743,0,52,0.21184313671875,0,-0.0542231784512459,0.271938732299871,0.548077191860058,-0.0496908504893334,-0.0496910175046562
1670.86350013184,274,42.5203302025813,-112.103274404005,0,62,0.167831474609375,0,-0.0529167163305025,0.295571827086992,0.541775104110325,-0.0496908534170699,-0.049691124454052
1670.7702912876,275,42.5203307885418,-112.103213543265,0,65,0.269320151367188,0,-0.0590463316799828,0.402638695666294,0.779724239696911,-0.049690851164751,-0.0496910574096753
1670.90210125488,276,42.52033137447,-112.103152682523,0,75,0.271692442382812,0,-0.0592177940269781,0.500850276937521,0.737582853367833,-0.0496908460585992,-0.0496909088514892
1670.94206597803,277,42.5203319603658,-112.10309182178,0,70,0.232893206542969,0,-0.0554580232455746,0.269110305537099,0.551320047669119,-0.0496908478390387,-0.049690832117914
1670.97708115527,278,42.5203325462294,-112.103030961034,0,44,0.319243942871094,0,-0.0612325647239259,0.653055594072873,1.16194402547951,-0.0496908476907331,-0.0496907794185005
1671.09442768701,279,42.5203331320606,-112.102970100287,0,26,0.354706268554688,0,-0.059470168999167,0.430544127473346,0.70028447370093,-0.0496908452677915,-0.0496903881849849
1671.22709693115,280,42.5203337178595,-112.102909239538,0,45,0.303415820800781,0,-0.0560373892582599,0.257639285306244,0.434128963130872,-0.0496908486807645,-0.0496907552947307
1671.38863462549,281,42.520334303626,-112.102848378787,0,48,0.418849682617188,0,-0.0622271810529087,0.387579971794807,0.772621202121248,-0.0496908441683017,-0.0496904929767418
1671.43349394727,282,42.5203348893603,-112.102787518034,0,52,0.203540944824219,0,-0.0550369697094921,0.260355345512039,0.465875489710323,-0.0496908425548108,-0.0496909388765275
1671.49175583594,283,42.5203354750623,-112.10272665728,0,53,0.2170155390625,0,-0.0554371842591712,0.257133635799846,0.535379747094109,-0.0496908466926636,-0.0496910610343384
1671.78035698047,284,42.5203360607319,-112.102665796524,0,21,0.353672453613281,0,-0.0575656260994379,0.239105224351101,0.35956426510742,-0.0496908434519326,-0.0496906398126001
1671.83216424561,285,42.5203366463692,-112.102604935765,1,20,0.0453297299804687,4.99999999941792,-0.0433523291996412,-0.126725772581666,-0.244750629758248,-0.0496908489575412,-0.049690793028296
1672.08560762598,286,42.5203372319742,-112.102544075005,1,11,0.00426296240234375,7.07106781165968,-0.0412628389604338,-0.182410625128301,-0.285637544453118,-0.049690850267927,-0.0496908032329032
1672.39733851709,287,42.5203378175469,-112.102483214244,1,10,0.00307475927734375,11.1803398877072,-0.0443845105787236,-0.0902668379338497,-0.170075757413762,-0.0496908465807138,-0.0496906462129222
1672.58724210449,288,42.5203384030873,-112.10242235348,1,23,0.00716990869140625,15.8113883010628,-0.0462969815859145,-0.0253382308393029,-0.147438723505209,-0.0496908473913939,-0.0496906922144969
1672.72305513135,289,42.5203389885954,-112.102361492715,1,16,0.00583916357421875,20.6155281280883,-0.0486462114724134,-0.0715786742719946,-0.17124686964105,-0.0496908458732346,-0.0496906781954587
1669.83173598291,290,42.5202845957151,-112.103334472558,0,47,0.449401846679688,0,-0.0645605894383261,0.610881214766232,0.887556336276416,-0.0496908398194811,-0.0496899447129333
1669.87013399072,291,42.520285181707,-112.103273611863,0,32,0.139504961914063,0,-0.0464049923702601,0.0768784155699004,0.050056616542741,-0.0496908475947534,-0.0496908583941852
1669.72078926318,292,42.5202857676665,-112.103212751167,0,26,0.495902917480469,0,-0.0637120663135494,0.506660430551512,0.726595733776032,-0.0496908409710015,-0.0496901468955293
1669.78508575732,293,42.5202863535938,-112.103151890469,0,44,0.468013626953125,0,-0.064592896676505,0.593887378259942,0.888694804260435,-0.0496908393535258,-0.0496901607133349
1669.85836920752,294,42.5202869394887,-112.103091029769,0,63,0.292582037597656,0,-0.0578745178767561,0.688325851071523,0.998971138554733,-0.0496908471309691,-0.0496908570509974
1669.84854279541,295,42.5202875253513,-112.103030169067,0,46,0.49094180078125,0,-0.0636151766425591,0.749348917692844,1.19733329984807,-0.0496908376787764,-0.0496903987316688
1669.91409581689,296,42.5202881111816,-112.102969308363,0,50,0.431844664550781,0,-0.0629400998943649,0.616821392539011,1.16108245063036,-0.0496908399038308,-0.0496901585433827
1670.14152026514,297,42.5202886969796,-112.102908447658,0,70,0.269859787109375,0,-0.0629534613856791,0.594211636038648,1.08224893486653,-0.0496908430558556,-0.049690840335316
1670.26849862549,298,42.5202892827452,-112.102847586951,0,27,0.827571896972656,0,-0.0667651467178466,0.580144948341617,0.751488135134748,-0.0496908382939181,-0.0496897677043438
1670.37219962158,299,42.5202898684786,-112.102786726242,0,47,0.418714228515625,0,-0.0631458207980059,0.410021981077968,0.658317967246509,-0.0496908472796406,-0.0496907007862323
1670.57561383789,300,42.5202904541796,-112.102725865531,0,24,0.649289463867188,0,-0.065294549207286,0.383145505885523,0.570108558469381,-0.0496908382287226,-0.0496903848349013
1670.78066222705,301,42.5202910398484,-112.102665004818,0,53,0.453196498535156,0,-0.0641682442496069,0.540873639296311,0.719664661410449,-0.0496908400818649,-0.0496904273048414
1670.90756855176,302,42.5202916254848,-112.102604144104,0,44,0.214116774414062,0,-0.0589083081089021,0.194799090934947,0.267834524453442,-0.0496908464661475,-0.0496907698778372
1671.247588104,303,42.5202922110889,-112.102543283387,1,37,0.00750585693359375,4.99999999871943,-0.0469053576893592,-0.0738500839594645,-0.161798692946233,-0.0496908523943943,-0.0496908473162238
1671.51985365771,304,42.5202927966606,-112.102482422669,1,11,0.00435062890625,9.99999999988358,-0.0458135325890688,-0.0621190154110333,-0.133791098086956,-0.0496908486894208,-0.0496907350215516
1671.71056307031,305,42.5202933822001,-112.102421561949,1,27,0.0119298061523437,14.9999999994179,-0.0481605701629284,-0.0114497243969073,-0.0952324174566895,-0.0496908541949923,-0.0496909004974837
1671.89375026855,306,42.5202939677073,-112.102360701228,1,31,0.0111553950195313,19.9999999981374,-0.0517368195426725,0.0320537907551228,0.0296825282122533,-0.0496908566033112,-0.0496912316942278
1668.4424722373,307,42.5202395748413,-112.103333680374,0,53,0.29676744140625,0,-0.0525889669260724,0.711251036549687,0.889801793867015,-0.0496908508987321,-0.0496912276485528
1668.50234954297,308,42.5202401608322,-112.103272819723,0,72,0.228495544921875,0,-0.0566993795555806,0.894290539537877,1.05197489683169,-0.0496908505305813,-0.0496910001841608
1668.47887029297,309,42.5202407467909,-112.10321195907,0,45,0.419152796386719,0,-0.0635188123522164,0.575630220605921,0.811972088583712,-0.0496908426869334,-0.0496902823230674
1668.485427021,310,42.5202413327172,-112.103151098416,0,76,0.221684134765625,0,-0.0592350828554596,0.510868558110312,0.696623654991438,-0.0496908510164518,-0.0496909862853711
1668.57343320557,311,42.5202419186112,-112.103090237759,0,71,0.334187301757813,0,-0.063001738993916,0.591813412665446,1.10345078793706,-0.0496908403924338,-0.0496907093431953
1668.60450566162,312,42.5202425044729,-112.103029377101,0,43,0.495120787597656,0,-0.0627294048977045,0.538104606285084,0.984171054762488,-0.0496908421065664,-0.0496906751525176
1668.75372071729,313,42.5202430903023,-112.102968516441,0,31,0.390204387207031,0,-0.0633462885627434,0.470297007477126,0.905367268577344,-0.0496908426802492,-0.0496903887732834
1668.98693116162,314,42.5202436760993,-112.10290765578,0,42,0.293507188476562,0,-0.060173002801938,0.53700020355365,0.934943535912297,-0.049690849448503,-0.0496909981755275
1669.15019772021,315,42.5202442618641,-112.102846795116,0,30,0.296878086914062,0,-0.0561665808268381,0.23227333768688,0.295736608455009,-0.0496908433049142,-0.0496907464056334
1669.33059647314,316,42.5202448475965,-112.102785934451,1,49,0.196043066894531,4.99999999953434,-0.0559391303932307,0.127816583702508,0.207817500269812,-0.0496908408213424,-0.0496907428718364
1669.56503010449,317,42.5202454332966,-112.102725073784,1,42,0.19041915625,5.00000000093132,-0.0451071833422178,0.00411464898097855,-0.0658281153318158,-0.0496908517340609,-0.0496911146478923
1669.85742546973,318,42.5202460189644,-112.102664213115,1,51,0.144306289550781,5,-0.0516450308037397,0.103775758837212,0.192615192765856,-0.049690851777773,-0.0496911360452307
1670.19245189893,319,42.5202466045999,-112.102603352444,1,19,0.00978132177734375,4.99999999906868,-0.0456842982957619,-0.0879312187852499,-0.130752268798328,-0.0496908543326182,-0.049691059736401
1670.46064285205,320,42.5202471902031,-112.102542491771,1,14,0.00366581689453125,7.07106781293561,-0.0453530401229907,-0.0995146055730824,-0.180724775914559,-0.0496908494568492,-0.0496908087968427
1670.71171841895,321,42.520247775774,-112.102481631097,1,14,0.00382729541015625,11.1803398877593,-0.0470570865523051,-0.0549050824530899,-0.116953663754954,-0.0496908499296037,-0.0496907861749417
1670.93900784766,322,42.5202483613125,-112.102420770421,1,26,0.0117400043945312,15.8113883000688,-0.0499243203951005,0.0802004525651082,0.0490154983556147,-0.0496908562715725,-0.0496909990335817
1671.15633730811,323,42.5202489468188,-112.102359909742,1,21,0.0284941635742187,20.6155281271848,-0.0526525319762827,0.0380172444575615,0.00851914871414574,-0.0496908535324802,-0.0496909567586155
1666.89309802832,324,42.5201945539671,-112.103332888192,0,31,0.279599995605469,0,-0.049497272045528,0.0801948342372593,0.193404483933476,-0.0496908490940161,-0.0496910187421649
1667.03281119922,325,42.5201951399572,-112.103272027584,1,55,0.05931852734375,4.99999999813735,-0.0410224829884758,-0.0451291919960639,-0.106987842631151,-0.0496908541720982,-0.0496910460236861
1667.17056191211,326,42.5201957259149,-112.103211166975,1,47,0.151072155273438,5.00000000186265,-0.0481427432698954,0.0879409031043167,0.104017550666989,-0.0496908489011924,-0.0496909602668044
1667.27065290869,327,42.5201963118403,-112.103150306365,1,20,0.0432312172851562,5.00000000093132,-0.0404590479589893,-0.112314761649326,-0.226521151623974,-0.0496908477046215,-0.049690865855803
1667.46672542041,328,42.5201968977334,-112.103089445752,1,35,0.0849308540039063,4.99999999813735,-0.0439110725198618,-0.00688603694710019,-0.060001700841151,-0.0496908571437219,-0.0496909682076306
1667.70651843408,329,42.5201974835941,-112.103028585138,1,31,0.0680850385742188,5,-0.0437630233241717,-0.0788198962509182,-0.165012985042434,-0.0496908507640245,-0.0496908742614712
1667.93469139209,330,42.5201980694226,-112.102967724521,1,24,0.010474064453125,4.99999999906868,-0.03952583574355,-0.170918736822579,-0.286335898085916,-0.0496908437741395,-0.0496906172169768
1668.16088902734,331,42.5201986552187,-112.102906863903,1,1,0.00346546533203125,4.99999999906868,-0.0420219879610207,-0.147884395260494,-0.209045405749473,-0.0496908574005817,-0.0496910697126862
1668.43204601953,332,42.5201992409826,-112.102846003283,1,20,0.032294099609375,5,-0.0422425383509497,-0.130293410765696,-0.22936877891631,-0.04969085113894,-0.0496906723568916
1668.70574076611,333,42.5201998267141,-112.102785142662,1,14,0.0115913432617187,7.07106781100114,-0.042672800401206,-0.147199761881197,-0.220988535322734,-0.0496908479561965,-0.049690601038883
1668.95480302637,334,42.5202004124133,-112.102724282038,1,9,0.00529371142578125,10.0000000009313,-0.0420102653635949,-0.193038896181827,-0.276061705449802,-0.0496908475685175,-0.0496907694952577
1669.26439881738,335,42.5202009980802,-112.102663421413,1,22,0.00921975927734375,9.99999999813735,-0.0445064522949076,-0.143456350297324,-0.234214700243063,-0.0496908464980556,-0.0496907228657771
1669.51171856445,336,42.5202015837147,-112.102602560786,1,24,0.0086080087890625,10,-0.0458982850992506,-0.0771648973902952,-0.12466703209317,-0.0496908584909251,-0.0496911084215917
1669.69863395801,337,42.520202169317,-112.102541700157,1,32,0.00918554638671875,11.1803398866399,-0.0487205071052559,0.101754766048149,0.177889141453882,-0.0496908675469984,-0.0496914967622371
1669.96398850342,338,42.520202754887,-112.102480839526,1,23,0.023831974609375,14.1421356217965,-0.0466154997786586,-0.0913840825575098,-0.174385963391148,-0.0496908556470959,-0.0496909429769088
1670.22489373828,339,42.5202033404246,-112.102419978894,1,32,0.0141444291992187,18.0277563760446,-0.0496276185169278,0.0942470748055362,0.0954303658884012,-0.0496908517261725,-0.0496908819124105
1670.45327614453,340,42.5202039259299,-112.102359118259,1,36,0.00822023193359375,22.3606797745814,-0.051570852663901,0.0475844541659154,0.0318487069263413,-0.0496908553171277,-0.0496910441902106
1665.93274537451,341,42.5201495330926,-112.103332096011,1,12,0.00551455908203125,5.00000000093132,-0.0403706051003696,-0.134661259359057,-0.233464465580783,-0.0496908469899521,-0.0496907398632289
1666.13963138135,342,42.5201501190817,-112.103271235448,1,15,0.0180532109375,7.07106781268866,-0.0444826759834088,-0.111383724462943,-0.2236758560633,-0.0496908460768579,-0.0496907520707066
1666.30800829541,343,42.5201507050385,-112.103210374882,1,9,0.00655482470703125,10.0000000009313,-0.0406965547256049,-0.173228672186727,-0.277665936833324,-0.0496908414965286,-0.0496905734119973
1666.50093515771,344,42.520151290963,-112.103149514315,1,3,0.00144558056640625,10,-0.0420000007475345,-0.1783814814424,-0.275469445607629,-0.0496908423690581,-0.0496905196608759
1666.74983984473,345,42.5201518768551,-112.103088653746,1,1,0.00141702734375,10,-0.042031798626839,-0.202077983072387,-0.278173088469831,-0.0496908436674166,-0.0496904777088671
1667.02679984131,346,42.520152462715,-112.103027793176,1,13,0.00771555859375,10,-0.0452839889505911,-0.12936959714369,-0.237733866254083,-0.0496908456406208,-0.0496906941238633
1667.22841381006,347,42.5201530485425,-112.102966932603,1,5,0.00235129833984375,10.0000000009313,-0.0409756913997075,-0.19132289833313,-0.303142436973396,-0.0496908402408872,-0.0496905232997533
1667.45511773438,348,42.5201536343378,-112.102906072029,1,4,0.00184249951171875,10,-0.0428250953668066,-0.183229295757707,-0.277878124414575,-0.0496908468820098,-0.0496906006288692
1667.76205960645,349,42.5201542201007,-112.102845211453,1,2,0.00256125341796875,10.0000000009313,-0.0427459104228282,-0.155464322146878,-0.221717201467139,-0.0496908470759038,-0.0496905532495703
1668.01152093506,350,42.5201548058313,-112.102784350875,1,1,0.00186162939453125,11.1803398869523,-0.0407526522943342,-0.183436371269851,-0.255970339583343,-0.0496908422135217,-0.0496904579750512
1668.24017672559,351,42.5201553915296,-112.102723490295,1,9,0.002408029296875,14.1421356235252,-0.0407933262360176,-0.173231882659783,-0.242320382433428,-0.0496908445830834,-0.0496905973351229
1668.53902183447,352,42.5201559771955,-112.102662629713,1,26,0.00703631982421875,15.0000000009313,-0.0424846780803292,-0.0374657928102113,-0.0661370697770436,-0.049690851935721,-0.0496908085942505
1668.74588233594,353,42.5201565628292,-112.10260176913,1,32,0.009092138671875,14.9999999981374,-0.0449777327549721,-0.0243253265899789,-0.0100076252070456,-0.0496908586422097,-0.0496911446966312
1668.97014839404,354,42.5201571484305,-112.102540908544,1,54,0.0115497055664063,15.8113883017254,-0.0503522232392461,0.286690855994464,0.475008882630756,-0.0496908775118856,-0.0496920603467447
1669.27131852637,355,42.5201577339996,-112.102480047957,1,32,0.0081522841796875,18.0277563780303,-0.0477679299065519,-0.063993129057762,-0.128037550210732,-0.0496908595450858,-0.0496909336458181
1669.50338533398,356,42.5201583195363,-112.102419187368,1,26,0.0093674169921875,21.2132034348144,-0.0482618544728057,-0.0285117834556478,-0.113586643234886,-0.0496908496745067,-0.049690855088832
1669.75691226465,357,42.5201589050407,-112.102358326778,1,24,0.0054235732421875,24.9999999997672,-0.0515653892392237,0.0301146650290001,0.00202177843771256,-0.0496908571837803,-0.0496908817108735
1665.01649391504,358,42.5201045122177,-112.103331303833,1,1,0.0006203408203125,10.0000000018626,-0.0409893312693319,-0.1919320855956,-0.279234026376085,-0.0496908465647626,-0.0496906123953072
1665.23699311182,359,42.5201050982059,-112.103270443313,1,9,0.00272650244140625,11.1803398882278,-0.0434263070673143,-0.150677506819644,-0.238316216236692,-0.0496908443972642,-0.0496906267095894
1665.48200436719,360,42.5201056841617,-112.103209582791,1,14,0.005054130859375,14.1421356254185,-0.0431159973630638,-0.081746242441913,-0.13799870787121,-0.0496908509872787,-0.0496907063731216
1665.72846422656,361,42.5201062700853,-112.103148722268,1,23,0.004830615234375,15.0000000009313,-0.0440754051777622,-0.0586348495264725,-0.130239287832667,-0.049690846710935,-0.0496907385977176
1665.98792162158,362,42.5201068559765,-112.103087861743,1,6,0.00266300830078125,14.9999999990687,-0.0402846402760121,-0.135088252275571,-0.223176865487612,-0.0496908432847344,-0.049690445947789
1666.2188655166,363,42.5201074418355,-112.103027001216,1,17,0.004164046875,15,-0.0429505992572425,-0.116279695874097,-0.19474256373417,-0.0496908439745234,-0.0496906255957585
1666.42772315332,364,42.5201080276621,-112.102966140687,1,3,0.00132938720703125,14.9999999981374,-0.0407500594373637,-0.168663379500391,-0.274972786763602,-0.0496908435532455,-0.0496905192954328
1666.69030816943,365,42.5201086134564,-112.102905280156,1,0,0.000553478515625,15.0000000009313,-0.0416547876102651,-0.197586531266351,-0.28838024382066,-0.0496908437725827,-0.0496904083763454
1667.00575113428,366,42.5201091992184,-112.102844419623,1,5,0.00190491748046875,15,-0.0425320784964808,-0.148184574491276,-0.221943962371278,-0.0496908484589922,-0.0496905493916339
1667.2080693623,367,42.5201097849481,-112.102783559089,1,6,0.0032859755859375,15.8113883003449,-0.039553940604121,-0.174549781849474,-0.247101598206557,-0.0496908456526779,-0.0496905750788375
1667.46035091064,368,42.5201103706455,-112.102722698553,1,16,0.00770004833984375,18.0277563769648,-0.0412828448146284,-0.13342201675925,-0.207987382507797,-0.0496908457655098,-0.049690531894814
1667.77832508496,369,42.5201109563105,-112.102661838015,1,36,0.012471044921875,20,-0.0431416962873522,-0.0937887268768243,-0.173102928044079,-0.0496908509705799,-0.0496908169127051
1668.01821479785,370,42.5201115419432,-112.102600977475,1,35,0.0071914814453125,20,-0.0474044332557119,-0.0159748861700364,-0.0499157955367506,-0.0496908513295842,-0.0496908273546439
1668.26134176074,371,42.5201121275437,-112.102540116934,1,50,0.0146390004882812,20.6155281277636,-0.0506145236999616,0.122652537791136,0.204975702306632,-0.0496908649310905,-0.0496913909573328
1668.55483041992,372,42.5201127131118,-112.10247925639,1,44,0.0115016708984375,22.3606797728633,-0.0483055498538939,0.0310794121824767,0.0285498895573897,-0.0496908537459119,-0.0496909860367574
1668.85444606006,373,42.5201132986476,-112.102418395845,1,61,0.0325394125976562,24.9999999989755,-0.0509356213981986,0.124380574913795,0.160381917201943,-0.0496908539258497,-0.0496908756127351
1669.07206554346,374,42.5201138841511,-112.102357535298,1,12,0.00325850634765625,28.2842712471326,-0.0495518729136065,-0.0345811827689509,-0.119460858224623,-0.0496908492094555,-0.0496906097685891
1664.09753778564,375,42.5200594913424,-112.103330511656,1,3,0.0015343564453125,15.0000000018626,-0.0396066148539665,-0.181717965566362,-0.274010947452987,-0.0496908423524323,-0.0496905993487886
1664.37441064453,376,42.5200600773296,-112.10326965118,1,6,0.00425373828125,15.8113883026274,-0.0420652414081969,-0.14059822665878,-0.205552471719652,-0.0496908464082706,-0.0496906567111501
1664.6368759248,377,42.5200606632846,-112.103208790702,1,1,0.0005555400390625,18.0277563792895,-0.0398704026692985,-0.212198196764722,-0.300741919227267,-0.049690847094855,-0.0496906448357053
1664.91301554443,378,42.5200612492072,-112.103147930222,1,22,0.0244592724609375,20.0000000009313,-0.0437097108736918,-0.100853372837641,-0.213922222520749,-0.0496908454493856,-0.0496906978035169
1665.15113868506,379,42.5200618350976,-112.103087069741,1,3,0.0013817353515625,20,-0.0414360289886443,-0.168978005859928,-0.273049108142372,-0.0496908411739726,-0.0496904639226202
1665.36557677686,380,42.5200624209556,-112.103026209257,1,6,0.00302778076171875,20,-0.040772481909023,-0.17872981776903,-0.285761709164125,-0.0496908441672186,-0.0496904908140845
1665.60260730762,381,42.5200630067813,-112.102965348772,1,10,0.003532078125,19.9999999990687,-0.043209006427059,-0.123681441505845,-0.195844306944511,-0.0496908461828014,-0.0496907774832013
1665.91691544678,382,42.5200635925747,-112.102904488285,1,12,0.00380500390625,20,-0.0411807487349066,-0.168437041149908,-0.272488326677638,-0.049690847010661,-0.0496906518416124
1666.22053665918,383,42.5200641783358,-112.102843627796,1,12,0.0035034267578125,20,-0.0444525577199997,-0.118719655397033,-0.209177731521297,-0.0496908414354509,-0.0496904404499903
1666.42084391016,384,42.5200647640645,-112.102782767305,1,12,0.0041008271484375,20.6155281277918,-0.0413375004237655,-0.103320621381557,-0.171392602869931,-0.0496908476805416,-0.0496907195785647
1666.75139385352,385,42.520065349761,-112.102721906813,1,30,0.0202289848632813,22.3606797752582,-0.0439084209163894,-0.102674513678937,-0.188285998761824,-0.0496908491887795,-0.049690762718606
1667.03274235303,386,42.5200659354251,-112.102661046319,1,20,0.007027763671875,25,-0.0424753881221414,-0.150268171504941,-0.264998804578983,-0.049690849098616,-0.0496907202237997
1667.26896775293,387,42.5200665210569,-112.102600185823,1,26,0.0087648984375,25,-0.0449214375843727,-0.00593894739543429,-0.0495316427454201,-0.0496908488811753,-0.0496908588656828
1667.54370437207,388,42.5200671066565,-112.102539325325,1,24,0.0165367993164062,25.4950975670849,-0.0451646267398999,-0.0828249613888952,-0.15011904905079,-0.0496908457851712,-0.0496905630190223
1667.85284746826,389,42.5200676922236,-112.102478464825,1,18,0.0072935791015625,26.92582403457,-0.0458949205268687,-0.064538106859102,-0.118447137884527,-0.0496908475047319,-0.0496907587305188
1668.11595000781,390,42.5200682777585,-112.102417604323,1,16,0.00587425341796875,29.1547594741966,-0.0446558019245263,-0.129876049268352,-0.223494563926572,-0.0496908434331412,-0.0496905889614344
1668.38694256738,391,42.5200688632611,-112.10235674382,1,10,0.00415958935546875,32.0156211870915,-0.0492926112492169,-0.0319879231575673,-0.129965892295286,-0.0496908504069846,-0.0496908077403764
1663.36241531787,392,42.5200144704667,-112.103329719481,1,4,0.00175144873046875,20.0000000018626,-0.0406472023234126,-0.169700362297639,-0.269479809900618,-0.0496908435127172,-0.0496905467563122
1663.65681412402,393,42.5200150564531,-112.103268859049,1,2,0.00177283935546875,20.6155281299377,-0.0417034964712319,-0.163401414160797,-0.241082232920854,-0.0496908426741538,-0.049690435820696
1663.9479642666,394,42.5200156424071,-112.103207998614,1,5,0.0032507294921875,22.3606797765858,-0.041728947058035,-0.149931874452274,-0.232833732166186,-0.0496908456765067,-0.0496905781967158
1664.18311797656,395,42.5200162283288,-112.103147138178,1,4,0.00412955712890625,25.0000000018626,-0.042811113699353,-0.151618978043461,-0.238349443412877,-0.0496908396153093,-0.0496903608309755
1664.41485391016,396,42.5200168142183,-112.10308627774,1,5,0.00098683154296875,24.9999999990687,-0.0419534441447739,-0.11682708153023,-0.211398705929444,-0.0496908472006876,-0.0496905998479234
1664.62059378223,397,42.5200174000754,-112.103025417301,1,5,0.0026235107421875,25.0000000009313,-0.0416658239417368,-0.144057511377153,-0.224791589663614,-0.0496908471981651,-0.0496906334604301
1664.89625140381,398,42.5200179859001,-112.102964556859,1,32,0.00922961328125,25.0000000009313,-0.0453678041870379,-0.0272805670384821,-0.0616339130046189,-0.0496908535864662,-0.0496907450502706
1665.19383035498,399,42.5200185716926,-112.102903696416,1,52,0.0133002353515625,25,-0.0456753100809702,-0.0285374672400998,-0.0921702708514406,-0.0496908530264423,-0.0496908620994874
1665.4795090918,400,42.5200191574528,-112.102842835971,1,7,0.00184640234375,25.0000000009313,-0.0456156289756246,-0.106328032017228,-0.184746430098761,-0.0496908439439949,-0.0496904469877074
1665.76133762695,401,42.5200197431806,-112.102781975524,1,7,0.002685357421875,25.4950975695621,-0.0436066641687573,-0.145512658290009,-0.222665050387781,-0.0496908474294751,-0.0496905776516405
1666.10724962109,402,42.5200203288762,-112.102721115075,1,13,0.0030682275390625,26.9258240360833,-0.0435576482238033,-0.117133681707125,-0.201132674354147,-0.0496908528877182,-0.0496908374343355
1666.30397685107,403,42.5200209145394,-112.102660254624,1,2,0.002423791015625,29.154759474516,-0.043543500998026,-0.18373012955452,-0.286938650720569,-0.049690848015537,-0.0496907017063384
1666.58402759424,404,42.5200215001703,-112.102599394172,1,3,0.0004978076171875,29.9999999990687,-0.0439024447949682,-0.195909861712597,-0.282044928894743,-0.0496908445599661,-0.0496905248249677
1666.88402043408,405,42.5200220857689,-112.102538533718,1,7,0.00270214111328125,30.4138126524385,-0.0460308599322796,-0.101334943796115,-0.154169266947852,-0.0496908479782257,-0.049690568164811
1667.17676060059,406,42.5200226713351,-112.102477673262,1,13,0.0058453330078125,31.6227766018126,-0.0467263010218448,-0.064493160236311,-0.138948305590599,-0.0496908502201477,-0.049690619701166
1667.40507239795,407,42.5200232568691,-112.102416812804,1,14,0.00724953564453125,33.5410196616638,-0.0468175076363496,-0.126604577223784,-0.22696709530435,-0.0496908492797269,-0.0496907806662362
1667.67261980713,408,42.5200238423707,-112.102355952344,1,6,0.00318591796875,36.0555127551888,-0.0483242005331014,-0.120990262466239,-0.230077625341588,-0.0496908522924603,-0.0496909484482776
